protocol,topology,num_replicas,set_size,payload_size,digest_bits,divergence,pattern,seed,round_cap,rounds,converged,target_union_size,total_state_bytes_sent,total_state_bytes_received,total_metadata_bytes_sent,total_metadata_bytes_received,total_encode_time_ns,total_decode_time_ns,total_elements_added
FullStateTransfer,Star,8,10000,32,64,0.001,Uniform,0,20,2,true,10070,22400,22400,0,0,0,0,560
FullStateTransfer,Star,8,10000,32,64,0.001,Uniform,1,20,2,true,10070,22400,22400,0,0,0,0,560
FullStateTransfer,Star,8,10000,32,64,0.001,Uniform,2,20,2,true,10070,22400,22400,0,0,0,0,560
FullStateTransfer,Star,8,10000,32,64,0.001,Uniform,3,20,2,true,10070,22400,22400,0,0,0,0,560
FullStateTransfer,Star,8,10000,32,64,0.001,Uniform,4,20,2,true,10070,22400,22400,0,0,0,0,560
FullStateTransfer,Star,8,10000,32,64,0.001,Uniform,5,20,2,true,10070,22400,22400,0,0,0,0,560
FullStateTransfer,Star,8,10000,32,64,0.001,Uniform,6,20,2,true,10070,22400,22400,0,0,0,0,560
FullStateTransfer,Star,8,10000,32,64,0.001,Uniform,7,20,2,true,10070,22400,22400,0,0,0,0,560
FullStateTransfer,Star,8,10000,32,64,0.001,Uniform,8,20,2,true,10070,22400,22400,0,0,0,0,560
FullStateTransfer,Star,8,10000,32,64,0.001,Uniform,9,20,2,true,10070,22400,22400,0,0,0,0,560
FullStateTransfer,Star,8,10000,32,64,0.01,Uniform,0,20,2,true,10691,221120,221120,0,0,0,0,5528
FullStateTransfer,Star,8,10000,32,64,0.01,Uniform,1,20,2,true,10691,221120,221120,0,0,0,0,5528
FullStateTransfer,Star,8,10000,32,64,0.01,Uniform,2,20,2,true,10689,220480,220480,0,0,0,0,5512
FullStateTransfer,Star,8,10000,32,64,0.01,Uniform,3,20,2,true,10690,220800,220800,0,0,0,0,5520
FullStateTransfer,Star,8,10000,32,64,0.01,Uniform,4,20,2,true,10687,219840,219840,0,0,0,0,5496
FullStateTransfer,Star,8,10000,32,64,0.01,Uniform,5,20,2,true,10687,219840,219840,0,0,0,0,5496
FullStateTransfer,Star,8,10000,32,64,0.01,Uniform,6,20,2,true,10691,221120,221120,0,0,0,0,5528
FullStateTransfer,Star,8,10000,32,64,0.01,Uniform,7,20,2,true,10686,219520,219520,0,0,0,0,5488
FullStateTransfer,Star,8,10000,32,64,0.01,Uniform,8,20,2,true,10688,220160,220160,0,0,0,0,5504
FullStateTransfer,Star,8,10000,32,64,0.01,Uniform,9,20,2,true,10691,221120,221120,0,0,0,0,5528
FullStateTransfer,Star,8,10000,32,64,0.05,Uniform,0,20,2,true,13283,1050560,1050560,0,0,0,0,26264
FullStateTransfer,Star,8,10000,32,64,0.05,Uniform,1,20,2,true,13278,1048960,1048960,0,0,0,0,26224
FullStateTransfer,Star,8,10000,32,64,0.05,Uniform,2,20,2,true,13250,1040000,1040000,0,0,0,0,26000
FullStateTransfer,Star,8,10000,32,64,0.05,Uniform,3,20,2,true,13259,1042880,1042880,0,0,0,0,26072
FullStateTransfer,Star,8,10000,32,64,0.05,Uniform,4,20,2,true,13240,1036800,1036800,0,0,0,0,25920
FullStateTransfer,Star,8,10000,32,64,0.05,Uniform,5,20,2,true,13237,1035840,1035840,0,0,0,0,25896
FullStateTransfer,Star,8,10000,32,64,0.05,Uniform,6,20,2,true,13255,1041600,1041600,0,0,0,0,26040
FullStateTransfer,Star,8,10000,32,64,0.05,Uniform,7,20,2,true,13235,1035200,1035200,0,0,0,0,25880
FullStateTransfer,Star,8,10000,32,64,0.05,Uniform,8,20,2,true,13227,1032640,1032640,0,0,0,0,25816
FullStateTransfer,Star,8,10000,32,64,0.05,Uniform,9,20,2,true,13253,1040960,1040960,0,0,0,0,26024
FullStateTransfer,Star,8,10000,32,64,0.1,Uniform,0,20,2,true,16104,1953280,1953280,0,0,0,0,48832
FullStateTransfer,Star,8,10000,32,64,0.1,Uniform,1,20,2,true,16153,1968960,1968960,0,0,0,0,49224
FullStateTransfer,Star,8,10000,32,64,0.1,Uniform,2,20,2,true,16122,1959040,1959040,0,0,0,0,48976
FullStateTransfer,Star,8,10000,32,64,0.1,Uniform,3,20,2,true,16128,1960960,1960960,0,0,0,0,49024
FullStateTransfer,Star,8,10000,32,64,0.1,Uniform,4,20,2,true,16119,1958080,1958080,0,0,0,0,48952
FullStateTransfer,Star,8,10000,32,64,0.1,Uniform,5,20,2,true,16107,1954240,1954240,0,0,0,0,48856
FullStateTransfer,Star,8,10000,32,64,0.1,Uniform,6,20,2,true,16117,1957440,1957440,0,0,0,0,48936
FullStateTransfer,Star,8,10000,32,64,0.1,Uniform,7,20,2,true,16104,1953280,1953280,0,0,0,0,48832
FullStateTransfer,Star,8,10000,32,64,0.1,Uniform,8,20,2,true,16091,1949120,1949120,0,0,0,0,48728
FullStateTransfer,Star,8,10000,32,64,0.1,Uniform,9,20,2,true,16115,1956800,1956800,0,0,0,0,48920
FullStateTransfer,Star,8,10000,32,64,0.2,Uniform,0,20,2,true,20979,3513280,3513280,0,0,0,0,87832
FullStateTransfer,Star,8,10000,32,64,0.2,Uniform,1,20,2,true,21072,3543040,3543040,0,0,0,0,88576
FullStateTransfer,Star,8,10000,32,64,0.2,Uniform,2,20,2,true,21014,3524480,3524480,0,0,0,0,88112
FullStateTransfer,Star,8,10000,32,64,0.2,Uniform,3,20,2,true,21046,3534720,3534720,0,0,0,0,88368
FullStateTransfer,Star,8,10000,32,64,0.2,Uniform,4,20,2,true,21053,3536960,3536960,0,0,0,0,88424
FullStateTransfer,Star,8,10000,32,64,0.2,Uniform,5,20,2,true,21034,3530880,3530880,0,0,0,0,88272
FullStateTransfer,Star,8,10000,32,64,0.2,Uniform,6,20,2,true,20988,3516160,3516160,0,0,0,0,87904
FullStateTransfer,Star,8,10000,32,64,0.2,Uniform,7,20,2,true,20971,3510720,3510720,0,0,0,0,87768
FullStateTransfer,Star,8,10000,32,64,0.2,Uniform,8,20,2,true,20998,3519360,3519360,0,0,0,0,87984
FullStateTransfer,Star,8,10000,32,64,0.2,Uniform,9,20,2,true,21001,3520320,3520320,0,0,0,0,88008
FullStateTransfer,Tree,8,10000,32,64,0.001,Uniform,0,20,5,true,10070,22400,22400,0,0,0,0,560
FullStateTransfer,Tree,8,10000,32,64,0.001,Uniform,1,20,5,true,10070,22400,22400,0,0,0,0,560
FullStateTransfer,Tree,8,10000,32,64,0.001,Uniform,2,20,5,true,10070,22400,22400,0,0,0,0,560
FullStateTransfer,Tree,8,10000,32,64,0.001,Uniform,3,20,5,true,10070,22400,22400,0,0,0,0,560
FullStateTransfer,Tree,8,10000,32,64,0.001,Uniform,4,20,5,true,10070,22400,22400,0,0,0,0,560
FullStateTransfer,Tree,8,10000,32,64,0.001,Uniform,5,20,5,true,10070,22400,22400,0,0,0,0,560
FullStateTransfer,Tree,8,10000,32,64,0.001,Uniform,6,20,5,true,10070,22400,22400,0,0,0,0,560
FullStateTransfer,Tree,8,10000,32,64,0.001,Uniform,7,20,5,true,10070,22400,22400,0,0,0,0,560
FullStateTransfer,Tree,8,10000,32,64,0.001,Uniform,8,20,5,true,10070,22400,22400,0,0,0,0,560
FullStateTransfer,Tree,8,10000,32,64,0.001,Uniform,9,20,5,true,10070,22400,22400,0,0,0,0,560
FullStateTransfer,Tree,8,10000,32,64,0.01,Uniform,0,20,5,true,10691,221120,221120,0,0,0,0,5528
FullStateTransfer,Tree,8,10000,32,64,0.01,Uniform,1,20,5,true,10691,221120,221120,0,0,0,0,5528
FullStateTransfer,Tree,8,10000,32,64,0.01,Uniform,2,20,5,true,10689,220480,220480,0,0,0,0,5512
FullStateTransfer,Tree,8,10000,32,64,0.01,Uniform,3,20,5,true,10690,220800,220800,0,0,0,0,5520
FullStateTransfer,Tree,8,10000,32,64,0.01,Uniform,4,20,5,true,10687,219840,219840,0,0,0,0,5496
FullStateTransfer,Tree,8,10000,32,64,0.01,Uniform,5,20,5,true,10687,219840,219840,0,0,0,0,5496
FullStateTransfer,Tree,8,10000,32,64,0.01,Uniform,6,20,5,true,10691,221120,221120,0,0,0,0,5528
FullStateTransfer,Tree,8,10000,32,64,0.01,Uniform,7,20,5,true,10686,219520,219520,0,0,0,0,5488
FullStateTransfer,Tree,8,10000,32,64,0.01,Uniform,8,20,5,true,10688,220160,220160,0,0,0,0,5504
FullStateTransfer,Tree,8,10000,32,64,0.01,Uniform,9,20,5,true,10691,221120,221120,0,0,0,0,5528
FullStateTransfer,Tree,8,10000,32,64,0.05,Uniform,0,20,5,true,13283,1050560,1050560,0,0,0,0,26264
FullStateTransfer,Tree,8,10000,32,64,0.05,Uniform,1,20,5,true,13278,1048960,1048960,0,0,0,0,26224
FullStateTransfer,Tree,8,10000,32,64,0.05,Uniform,2,20,5,true,13250,1040000,1040000,0,0,0,0,26000
FullStateTransfer,Tree,8,10000,32,64,0.05,Uniform,3,20,5,true,13259,1042880,1042880,0,0,0,0,26072
FullStateTransfer,Tree,8,10000,32,64,0.05,Uniform,4,20,5,true,13240,1036800,1036800,0,0,0,0,25920
FullStateTransfer,Tree,8,10000,32,64,0.05,Uniform,5,20,5,true,13237,1035840,1035840,0,0,0,0,25896
FullStateTransfer,Tree,8,10000,32,64,0.05,Uniform,6,20,5,true,13255,1041600,1041600,0,0,0,0,26040
FullStateTransfer,Tree,8,10000,32,64,0.05,Uniform,7,20,5,true,13235,1035200,1035200,0,0,0,0,25880
FullStateTransfer,Tree,8,10000,32,64,0.05,Uniform,8,20,5,true,13227,1032640,1032640,0,0,0,0,25816
FullStateTransfer,Tree,8,10000,32,64,0.05,Uniform,9,20,5,true,13253,1040960,1040960,0,0,0,0,26024
FullStateTransfer,Tree,8,10000,32,64,0.1,Uniform,0,20,5,true,16104,1953280,1953280,0,0,0,0,48832
FullStateTransfer,Tree,8,10000,32,64,0.1,Uniform,1,20,5,true,16153,1968960,1968960,0,0,0,0,49224
FullStateTransfer,Tree,8,10000,32,64,0.1,Uniform,2,20,5,true,16122,1959040,1959040,0,0,0,0,48976
FullStateTransfer,Tree,8,10000,32,64,0.1,Uniform,3,20,5,true,16128,1960960,1960960,0,0,0,0,49024
FullStateTransfer,Tree,8,10000,32,64,0.1,Uniform,4,20,5,true,16119,1958080,1958080,0,0,0,0,48952
FullStateTransfer,Tree,8,10000,32,64,0.1,Uniform,5,20,5,true,16107,1954240,1954240,0,0,0,0,48856
FullStateTransfer,Tree,8,10000,32,64,0.1,Uniform,6,20,5,true,16117,1957440,1957440,0,0,0,0,48936
FullStateTransfer,Tree,8,10000,32,64,0.1,Uniform,7,20,5,true,16104,1953280,1953280,0,0,0,0,48832
FullStateTransfer,Tree,8,10000,32,64,0.1,Uniform,8,20,5,true,16091,1949120,1949120,0,0,0,0,48728
FullStateTransfer,Tree,8,10000,32,64,0.1,Uniform,9,20,5,true,16115,1956800,1956800,0,0,0,0,48920
FullStateTransfer,Tree,8,10000,32,64,0.2,Uniform,0,20,5,true,20979,3513280,3513280,0,0,0,0,87832
FullStateTransfer,Tree,8,10000,32,64,0.2,Uniform,1,20,5,true,21072,3543040,3543040,0,0,0,0,88576
FullStateTransfer,Tree,8,10000,32,64,0.2,Uniform,2,20,5,true,21014,3524480,3524480,0,0,0,0,88112
FullStateTransfer,Tree,8,10000,32,64,0.2,Uniform,3,20,5,true,21046,3534720,3534720,0,0,0,0,88368
FullStateTransfer,Tree,8,10000,32,64,0.2,Uniform,4,20,5,true,21053,3536960,3536960,0,0,0,0,88424
FullStateTransfer,Tree,8,10000,32,64,0.2,Uniform,5,20,5,true,21034,3530880,3530880,0,0,0,0,88272
FullStateTransfer,Tree,8,10000,32,64,0.2,Uniform,6,20,5,true,20988,3516160,3516160,0,0,0,0,87904
FullStateTransfer,Tree,8,10000,32,64,0.2,Uniform,7,20,5,true,20971,3510720,3510720,0,0,0,0,87768
FullStateTransfer,Tree,8,10000,32,64,0.2,Uniform,8,20,5,true,20998,3519360,3519360,0,0,0,0,87984
FullStateTransfer,Tree,8,10000,32,64,0.2,Uniform,9,20,5,true,21001,3520320,3520320,0,0,0,0,88008
FullStateTransfer,Chord,8,10000,32,64,0.001,Uniform,0,20,2,true,10070,22400,22400,0,0,0,0,560
FullStateTransfer,Chord,8,10000,32,64,0.001,Uniform,1,20,2,true,10070,22400,22400,0,0,0,0,560
FullStateTransfer,Chord,8,10000,32,64,0.001,Uniform,2,20,2,true,10070,22400,22400,0,0,0,0,560
FullStateTransfer,Chord,8,10000,32,64,0.001,Uniform,3,20,2,true,10070,22400,22400,0,0,0,0,560
FullStateTransfer,Chord,8,10000,32,64,0.001,Uniform,4,20,2,true,10070,22400,22400,0,0,0,0,560
FullStateTransfer,Chord,8,10000,32,64,0.001,Uniform,5,20,2,true,10070,22400,22400,0,0,0,0,560
FullStateTransfer,Chord,8,10000,32,64,0.001,Uniform,6,20,2,true,10070,22400,22400,0,0,0,0,560
FullStateTransfer,Chord,8,10000,32,64,0.001,Uniform,7,20,2,true,10070,22400,22400,0,0,0,0,560
FullStateTransfer,Chord,8,10000,32,64,0.001,Uniform,8,20,2,true,10070,22400,22400,0,0,0,0,560
FullStateTransfer,Chord,8,10000,32,64,0.001,Uniform,9,20,2,true,10070,22400,22400,0,0,0,0,560
FullStateTransfer,Chord,8,10000,32,64,0.01,Uniform,0,20,2,true,10691,221120,221120,0,0,0,0,5528
FullStateTransfer,Chord,8,10000,32,64,0.01,Uniform,1,20,2,true,10691,221120,221120,0,0,0,0,5528
FullStateTransfer,Chord,8,10000,32,64,0.01,Uniform,2,20,2,true,10689,220480,220480,0,0,0,0,5512
FullStateTransfer,Chord,8,10000,32,64,0.01,Uniform,3,20,2,true,10690,220800,220800,0,0,0,0,5520
FullStateTransfer,Chord,8,10000,32,64,0.01,Uniform,4,20,2,true,10687,219840,219840,0,0,0,0,5496
FullStateTransfer,Chord,8,10000,32,64,0.01,Uniform,5,20,2,true,10687,219840,219840,0,0,0,0,5496
FullStateTransfer,Chord,8,10000,32,64,0.01,Uniform,6,20,2,true,10691,221120,221120,0,0,0,0,5528
FullStateTransfer,Chord,8,10000,32,64,0.01,Uniform,7,20,2,true,10686,219520,219520,0,0,0,0,5488
FullStateTransfer,Chord,8,10000,32,64,0.01,Uniform,8,20,2,true,10688,220160,220160,0,0,0,0,5504
FullStateTransfer,Chord,8,10000,32,64,0.01,Uniform,9,20,2,true,10691,221120,221120,0,0,0,0,5528
FullStateTransfer,Chord,8,10000,32,64,0.05,Uniform,0,20,2,true,13283,1050560,1050560,0,0,0,0,26264
FullStateTransfer,Chord,8,10000,32,64,0.05,Uniform,1,20,2,true,13278,1048960,1048960,0,0,0,0,26224
FullStateTransfer,Chord,8,10000,32,64,0.05,Uniform,2,20,2,true,13250,1040000,1040000,0,0,0,0,26000
FullStateTransfer,Chord,8,10000,32,64,0.05,Uniform,3,20,2,true,13259,1042880,1042880,0,0,0,0,26072
FullStateTransfer,Chord,8,10000,32,64,0.05,Uniform,4,20,2,true,13240,1036800,1036800,0,0,0,0,25920
FullStateTransfer,Chord,8,10000,32,64,0.05,Uniform,5,20,2,true,13237,1035840,1035840,0,0,0,0,25896
FullStateTransfer,Chord,8,10000,32,64,0.05,Uniform,6,20,2,true,13255,1041600,1041600,0,0,0,0,26040
FullStateTransfer,Chord,8,10000,32,64,0.05,Uniform,7,20,2,true,13235,1035200,1035200,0,0,0,0,25880
FullStateTransfer,Chord,8,10000,32,64,0.05,Uniform,8,20,2,true,13227,1032640,1032640,0,0,0,0,25816
FullStateTransfer,Chord,8,10000,32,64,0.05,Uniform,9,20,2,true,13253,1040960,1040960,0,0,0,0,26024
FullStateTransfer,Chord,8,10000,32,64,0.1,Uniform,0,20,2,true,16104,1953280,1953280,0,0,0,0,48832
FullStateTransfer,Chord,8,10000,32,64,0.1,Uniform,1,20,2,true,16153,1968960,1968960,0,0,0,0,49224
FullStateTransfer,Chord,8,10000,32,64,0.1,Uniform,2,20,2,true,16122,1959040,1959040,0,0,0,0,48976
FullStateTransfer,Chord,8,10000,32,64,0.1,Uniform,3,20,2,true,16128,1960960,1960960,0,0,0,0,49024
FullStateTransfer,Chord,8,10000,32,64,0.1,Uniform,4,20,2,true,16119,1958080,1958080,0,0,0,0,48952
FullStateTransfer,Chord,8,10000,32,64,0.1,Uniform,5,20,2,true,16107,1954240,1954240,0,0,0,0,48856
FullStateTransfer,Chord,8,10000,32,64,0.1,Uniform,6,20,2,true,16117,1957440,1957440,0,0,0,0,48936
FullStateTransfer,Chord,8,10000,32,64,0.1,Uniform,7,20,2,true,16104,1953280,1953280,0,0,0,0,48832
FullStateTransfer,Chord,8,10000,32,64,0.1,Uniform,8,20,2,true,16091,1949120,1949120,0,0,0,0,48728
FullStateTransfer,Chord,8,10000,32,64,0.1,Uniform,9,20,2,true,16115,1956800,1956800,0,0,0,0,48920
FullStateTransfer,Chord,8,10000,32,64,0.2,Uniform,0,20,2,true,20979,3513280,3513280,0,0,0,0,87832
FullStateTransfer,Chord,8,10000,32,64,0.2,Uniform,1,20,2,true,21072,3543040,3543040,0,0,0,0,88576
FullStateTransfer,Chord,8,10000,32,64,0.2,Uniform,2,20,2,true,21014,3524480,3524480,0,0,0,0,88112
FullStateTransfer,Chord,8,10000,32,64,0.2,Uniform,3,20,2,true,21046,3534720,3534720,0,0,0,0,88368
FullStateTransfer,Chord,8,10000,32,64,0.2,Uniform,4,20,2,true,21053,3536960,3536960,0,0,0,0,88424
FullStateTransfer,Chord,8,10000,32,64,0.2,Uniform,5,20,2,true,21034,3530880,3530880,0,0,0,0,88272
FullStateTransfer,Chord,8,10000,32,64,0.2,Uniform,6,20,2,true,20988,3516160,3516160,0,0,0,0,87904
FullStateTransfer,Chord,8,10000,32,64,0.2,Uniform,7,20,2,true,20971,3510720,3510720,0,0,0,0,87768
FullStateTransfer,Chord,8,10000,32,64,0.2,Uniform,8,20,2,true,20998,3519360,3519360,0,0,0,0,87984
FullStateTransfer,Chord,8,10000,32,64,0.2,Uniform,9,20,2,true,21001,3520320,3520320,0,0,0,0,88008
Riblt,Star,8,10000,32,64,0.001,Uniform,0,20,2,true,10070,0,0,13488,13488,1460314093,13176775,560
Riblt,Star,8,10000,32,64,0.001,Uniform,1,20,2,true,10070,0,0,12832,12832,1446663361,12992602,560
Riblt,Star,8,10000,32,64,0.001,Uniform,2,20,2,true,10070,0,0,13776,13776,1470573911,13371665,560
Riblt,Star,8,10000,32,64,0.001,Uniform,3,20,2,true,10070,0,0,14992,14992,1502227256,13543179,560
Riblt,Star,8,10000,32,64,0.001,Uniform,4,20,2,true,10070,0,0,12768,12768,1447784968,13086203,560
Riblt,Star,8,10000,32,64,0.001,Uniform,5,20,2,true,10070,0,0,14640,14640,1506516515,13286683,560
Riblt,Star,8,10000,32,64,0.001,Uniform,6,20,2,true,10070,0,0,13344,13344,1465697229,13371259,560
Riblt,Star,8,10000,32,64,0.001,Uniform,7,20,2,true,10070,0,0,13952,13952,1471731566,13236516,560
Riblt,Star,8,10000,32,64,0.001,Uniform,8,20,2,true,10070,0,0,12832,12832,1439085328,12986691,560
Riblt,Star,8,10000,32,64,0.001,Uniform,9,20,2,true,10070,0,0,14208,14208,1478997508,13182611,560
Riblt,Star,8,10000,32,64,0.01,Uniform,0,20,2,true,10691,0,0,124096,124096,2446731129,153948464,5528
Riblt,Star,8,10000,32,64,0.01,Uniform,1,20,2,true,10691,0,0,123424,123424,2474135968,152817899,5528
Riblt,Star,8,10000,32,64,0.01,Uniform,2,20,2,true,10689,0,0,124512,124512,2485686496,154363958,5512
Riblt,Star,8,10000,32,64,0.01,Uniform,3,20,2,true,10690,0,0,122224,122224,2474718434,155213269,5520
Riblt,Star,8,10000,32,64,0.01,Uniform,4,20,2,true,10687,0,0,125024,125024,2487316249,154863902,5496
Riblt,Star,8,10000,32,64,0.01,Uniform,5,20,2,true,10687,0,0,124448,124448,2464174886,154882232,5496
Riblt,Star,8,10000,32,64,0.01,Uniform,6,20,2,true,10691,0,0,119488,119488,2466762002,154011087,5528
Riblt,Star,8,10000,32,64,0.01,Uniform,7,20,2,true,10686,0,0,119920,119920,2453991585,152950580,5488
Riblt,Star,8,10000,32,64,0.01,Uniform,8,20,2,true,10688,0,0,122768,122768,2472955028,153405374,5504
Riblt,Star,8,10000,32,64,0.01,Uniform,9,20,2,true,10691,0,0,118752,118752,2438175639,154173961,5528
Riblt,Star,8,10000,32,64,0.05,Uniform,0,20,2,true,13283,0,0,578208,578208,3498048377,864356371,26264
Riblt,Star,8,10000,32,64,0.05,Uniform,1,20,2,true,13278,0,0,576192,576192,3472425855,860645925,26224
Riblt,Star,8,10000,32,64,0.05,Uniform,2,20,2,true,13250,0,0,578944,578944,3489801503,855621948,26000
Riblt,Star,8,10000,32,64,0.05,Uniform,3,20,2,true,13259,0,0,568176,568176,3469132531,853231855,26072
Riblt,Star,8,10000,32,64,0.05,Uniform,4,20,2,true,13240,0,0,571488,571488,3471133588,848497538,25920
Riblt,Star,8,10000,32,64,0.05,Uniform,5,20,2,true,13237,0,0,570448,570448,3475792447,850634641,25896
Riblt,Star,8,10000,32,64,0.05,Uniform,6,20,2,true,13255,0,0,577968,577968,3486346017,862895455,26040
Riblt,Star,8,10000,32,64,0.05,Uniform,7,20,2,true,13235,0,0,570496,570496,3458506519,845456056,25880
Riblt,Star,8,10000,32,64,0.05,Uniform,8,20,2,true,13227,0,0,571904,571904,3471099998,847961258,25816
Riblt,Star,8,10000,32,64,0.05,Uniform,9,20,2,true,13253,0,0,570448,570448,3484362224,858988540,26024
Riblt,Star,8,10000,32,64,0.1,Uniform,0,20,2,true,16104,0,0,1076640,1076640,4180995678,1723722478,48832
Riblt,Star,8,10000,32,64,0.1,Uniform,1,20,2,true,16153,0,0,1088176,1088176,4193428073,1737653454,49224
Riblt,Star,8,10000,32,64,0.1,Uniform,2,20,2,true,16122,0,0,1080208,1080208,4192962041,1727121005,48976
Riblt,Star,8,10000,32,64,0.1,Uniform,3,20,2,true,16128,0,0,1070784,1070784,4162435024,1722050531,49024
Riblt,Star,8,10000,32,64,0.1,Uniform,4,20,2,true,16119,0,0,1072464,1072464,4164873078,1719401107,48952
Riblt,Star,8,10000,32,64,0.1,Uniform,5,20,2,true,16107,0,0,1079344,1079344,4186236152,1720879281,48856
Riblt,Star,8,10000,32,64,0.1,Uniform,6,20,2,true,16117,0,0,1083792,1083792,4239168602,1740644303,48936
Riblt,Star,8,10000,32,64,0.1,Uniform,7,20,2,true,16104,0,0,1090240,1090240,4189048270,1734615485,48832
Riblt,Star,8,10000,32,64,0.1,Uniform,8,20,2,true,16091,0,0,1078624,1078624,4165191967,1713708923,48728
Riblt,Star,8,10000,32,64,0.1,Uniform,9,20,2,true,16115,0,0,1087168,1087168,4185368120,1725740288,48920
Riblt,Star,8,10000,32,64,0.2,Uniform,0,20,2,true,20979,0,0,1953200,1953200,5254546546,3322693989,87832
Riblt,Star,8,10000,32,64,0.2,Uniform,1,20,2,true,21072,0,0,1955104,1955104,5269957967,3336759413,88576
Riblt,Star,8,10000,32,64,0.2,Uniform,2,20,2,true,21014,0,0,1958480,1958480,5283225707,3339841688,88112
Riblt,Star,8,10000,32,64,0.2,Uniform,3,20,2,true,21046,0,0,1974112,1974112,5266732405,3349763907,88368
Riblt,Star,8,10000,32,64,0.2,Uniform,4,20,2,true,21053,0,0,1973408,1973408,5318745451,3347415990,88424
Riblt,Star,8,10000,32,64,0.2,Uniform,5,20,2,true,21034,0,0,1956688,1956688,5263742479,3331236250,88272
Riblt,Star,8,10000,32,64,0.2,Uniform,6,20,2,true,20988,0,0,1955648,1955648,5279489266,3335949950,87904
Riblt,Star,8,10000,32,64,0.2,Uniform,7,20,2,true,20971,0,0,1963104,1963104,5288086242,3329492798,87768
Riblt,Star,8,10000,32,64,0.2,Uniform,8,20,2,true,20998,0,0,1955872,1955872,5247285437,3313935973,87984
Riblt,Star,8,10000,32,64,0.2,Uniform,9,20,2,true,21001,0,0,1957360,1957360,5266552838,3322110019,88008
Riblt,Tree,8,10000,32,64,0.001,Uniform,0,20,5,true,10070,0,0,15104,15104,2700309669,13309326,560
Riblt,Tree,8,10000,32,64,0.001,Uniform,1,20,5,true,10070,0,0,13616,13616,2614563243,12937964,560
Riblt,Tree,8,10000,32,64,0.001,Uniform,2,20,5,true,10070,0,0,13424,13424,2592683027,12867286,560
Riblt,Tree,8,10000,32,64,0.001,Uniform,3,20,5,true,10070,0,0,13936,13936,2645831749,12994179,560
Riblt,Tree,8,10000,32,64,0.001,Uniform,4,20,5,true,10070,0,0,14912,14912,2701185772,12992636,560
Riblt,Tree,8,10000,32,64,0.001,Uniform,5,20,5,true,10070,0,0,16320,16320,2743328444,13180695,560
Riblt,Tree,8,10000,32,64,0.001,Uniform,6,20,5,true,10070,0,0,14672,14672,2660098607,12948295,560
Riblt,Tree,8,10000,32,64,0.001,Uniform,7,20,5,true,10070,0,0,13680,13680,2644621873,12939500,560
Riblt,Tree,8,10000,32,64,0.001,Uniform,8,20,5,true,10070,0,0,14336,14336,2637831987,12868534,560
Riblt,Tree,8,10000,32,64,0.001,Uniform,9,20,5,true,10070,0,0,13648,13648,2587444246,12898625,560
Riblt,Tree,8,10000,32,64,0.01,Uniform,0,20,5,true,10691,0,0,125456,125456,4792379092,143510696,5528
Riblt,Tree,8,10000,32,64,0.01,Uniform,1,20,5,true,10691,0,0,124208,124208,4766578686,143169354,5528
Riblt,Tree,8,10000,32,64,0.01,Uniform,2,20,5,true,10689,0,0,125664,125664,4790621190,142511184,5512
Riblt,Tree,8,10000,32,64,0.01,Uniform,3,20,5,true,10690,0,0,124992,124992,4758005063,142555357,5520
Riblt,Tree,8,10000,32,64,0.01,Uniform,4,20,5,true,10687,0,0,123792,123792,4748506553,141617218,5496
Riblt,Tree,8,10000,32,64,0.01,Uniform,5,20,5,true,10687,0,0,124944,124944,4792310214,142305119,5496
Riblt,Tree,8,10000,32,64,0.01,Uniform,6,20,5,true,10691,0,0,122912,122912,4742258231,141729230,5528
Riblt,Tree,8,10000,32,64,0.01,Uniform,7,20,5,true,10686,0,0,126576,126576,4694611067,140402117,5488
Riblt,Tree,8,10000,32,64,0.01,Uniform,8,20,5,true,10688,0,0,123056,123056,4696676862,139089048,5504
Riblt,Tree,8,10000,32,64,0.01,Uniform,9,20,5,true,10691,0,0,120288,120288,4668509594,139570649,5528
Riblt,Tree,8,10000,32,64,0.05,Uniform,0,20,5,true,13283,0,0,580416,580416,7139490827,791775631,26264
Riblt,Tree,8,10000,32,64,0.05,Uniform,1,20,5,true,13278,0,0,578640,578640,6880571449,769671365,26224
Riblt,Tree,8,10000,32,64,0.05,Uniform,2,20,5,true,13250,0,0,580016,580016,6876417787,767028308,26000
Riblt,Tree,8,10000,32,64,0.05,Uniform,3,20,5,true,13259,0,0,573056,573056,6892149211,766065831,26072
Riblt,Tree,8,10000,32,64,0.05,Uniform,4,20,5,true,13240,0,0,576992,576992,7148975960,782292296,25920
Riblt,Tree,8,10000,32,64,0.05,Uniform,5,20,5,true,13237,0,0,569488,569488,7002469961,775067481,25896
Riblt,Tree,8,10000,32,64,0.05,Uniform,6,20,5,true,13255,0,0,577136,577136,7130327762,784660266,26040
Riblt,Tree,8,10000,32,64,0.05,Uniform,7,20,5,true,13235,0,0,566800,566800,6878009914,763758797,25880
Riblt,Tree,8,10000,32,64,0.05,Uniform,8,20,5,true,13227,0,0,572400,572400,7029486732,768382995,25816
Riblt,Tree,8,10000,32,64,0.05,Uniform,9,20,5,true,13253,0,0,573632,573632,7101090691,778688264,26024
Riblt,Tree,8,10000,32,64,0.1,Uniform,0,20,5,true,16104,0,0,1075360,1075360,9275967471,1580984157,48832
Riblt,Tree,8,10000,32,64,0.1,Uniform,1,20,5,true,16153,0,0,1086208,1086208,9221567729,1608820556,49224
Riblt,Tree,8,10000,32,64,0.1,Uniform,2,20,5,true,16122,0,0,1084176,1084176,9293261989,1599698845,48976
Riblt,Tree,8,10000,32,64,0.1,Uniform,3,20,5,true,16128,0,0,1079776,1079776,8801915474,1579663263,49024
Riblt,Tree,8,10000,32,64,0.1,Uniform,4,20,5,true,16119,0,0,1078560,1078560,8814726755,1579837722,48952
Riblt,Tree,8,10000,32,64,0.1,Uniform,5,20,5,true,16107,0,0,1079488,1079488,8802802083,1577514323,48856
Riblt,Tree,8,10000,32,64,0.1,Uniform,6,20,5,true,16117,0,0,1080624,1080624,8819628790,1583621804,48936
Riblt,Tree,8,10000,32,64,0.1,Uniform,7,20,5,true,16104,0,0,1082928,1082928,8775537824,1575067048,48832
Riblt,Tree,8,10000,32,64,0.1,Uniform,8,20,5,true,16091,0,0,1074784,1074784,8796381073,1570660151,48728
Riblt,Tree,8,10000,32,64,0.1,Uniform,9,20,5,true,16115,0,0,1081088,1081088,8834330963,1581074148,48920
Riblt,Tree,8,10000,32,64,0.2,Uniform,0,20,5,true,20979,0,0,1947264,1947264,11649756120,3033541975,87832
Riblt,Tree,8,10000,32,64,0.2,Uniform,1,20,5,true,21072,0,0,1964656,1964656,11722898199,3067770418,88576
Riblt,Tree,8,10000,32,64,0.2,Uniform,2,20,5,true,21014,0,0,1953696,1953696,11677555310,3047686129,88112
Riblt,Tree,8,10000,32,64,0.2,Uniform,3,20,5,true,21046,0,0,1955408,1955408,11619242195,3052432575,88368
Riblt,Tree,8,10000,32,64,0.2,Uniform,4,20,5,true,21053,0,0,1963184,1963184,11679317718,3073212787,88424
Riblt,Tree,8,10000,32,64,0.2,Uniform,5,20,5,true,21034,0,0,1945360,1945360,11590265122,3052227904,88272
Riblt,Tree,8,10000,32,64,0.2,Uniform,6,20,5,true,20988,0,0,1963056,1963056,11636854500,3037439527,87904
Riblt,Tree,8,10000,32,64,0.2,Uniform,7,20,5,true,20971,0,0,1937296,1937296,11538484767,3037085144,87768
Riblt,Tree,8,10000,32,64,0.2,Uniform,8,20,5,true,20998,0,0,1955840,1955840,11659542321,3047126765,87984
Riblt,Tree,8,10000,32,64,0.2,Uniform,9,20,5,true,21001,0,0,1952704,1952704,11672690126,3042821266,88008
Riblt,Chord,8,10000,32,64,0.001,Uniform,0,20,2,true,10070,0,0,26864,26864,3866628442,24457783,560
Riblt,Chord,8,10000,32,64,0.001,Uniform,1,20,2,true,10070,0,0,25408,25408,3821573829,24026209,560
Riblt,Chord,8,10000,32,64,0.001,Uniform,2,20,2,true,10070,0,0,25088,25088,3791713774,24192600,560
Riblt,Chord,8,10000,32,64,0.001,Uniform,3,20,2,true,10070,0,0,27504,27504,3904794163,24738339,560
Riblt,Chord,8,10000,32,64,0.001,Uniform,4,20,2,true,10070,0,0,25424,25424,3797000851,24162546,560
Riblt,Chord,8,10000,32,64,0.001,Uniform,5,20,2,true,10070,0,0,28624,28624,3940278743,24337388,560
Riblt,Chord,8,10000,32,64,0.001,Uniform,6,20,2,true,10070,0,0,26672,26672,3851099413,24700279,560
Riblt,Chord,8,10000,32,64,0.001,Uniform,7,20,2,true,10070,0,0,24672,24672,3743351203,24042923,560
Riblt,Chord,8,10000,32,64,0.001,Uniform,8,20,2,true,10070,0,0,25264,25264,3781434648,23752852,560
Riblt,Chord,8,10000,32,64,0.001,Uniform,9,20,2,true,10070,0,0,27136,27136,3835213933,24292482,560
Riblt,Chord,8,10000,32,64,0.01,Uniform,0,20,2,true,10691,0,0,233680,233680,6672480665,273617587,5528
Riblt,Chord,8,10000,32,64,0.01,Uniform,1,20,2,true,10691,0,0,228096,228096,6648363455,272673096,5528
Riblt,Chord,8,10000,32,64,0.01,Uniform,2,20,2,true,10689,0,0,230992,230992,6652433323,271593005,5512
Riblt,Chord,8,10000,32,64,0.01,Uniform,3,20,2,true,10690,0,0,229728,229728,6653691273,272129983,5520
Riblt,Chord,8,10000,32,64,0.01,Uniform,4,20,2,true,10687,0,0,233968,233968,6665776520,272282494,5496
Riblt,Chord,8,10000,32,64,0.01,Uniform,5,20,2,true,10687,0,0,229008,229008,6641701098,270510380,5496
Riblt,Chord,8,10000,32,64,0.01,Uniform,6,20,2,true,10691,0,0,226640,226640,6635133058,272510273,5528
Riblt,Chord,8,10000,32,64,0.01,Uniform,7,20,2,true,10686,0,0,227376,227376,6627623744,269843242,5488
Riblt,Chord,8,10000,32,64,0.01,Uniform,8,20,2,true,10688,0,0,226032,226032,6629909449,271441674,5504
Riblt,Chord,8,10000,32,64,0.01,Uniform,9,20,2,true,10691,0,0,225728,225728,6598075100,272643924,5528
Riblt,Chord,8,10000,32,64,0.05,Uniform,0,20,2,true,13283,0,0,1060096,1060096,9608798060,1511897001,26264
Riblt,Chord,8,10000,32,64,0.05,Uniform,1,20,2,true,13278,0,0,1057696,1057696,9601672781,1506033443,26224
Riblt,Chord,8,10000,32,64,0.05,Uniform,2,20,2,true,13250,0,0,1064592,1064592,9592398606,1488171489,26000
Riblt,Chord,8,10000,32,64,0.05,Uniform,3,20,2,true,13259,0,0,1060528,1060528,9528701999,1491577358,26072
Riblt,Chord,8,10000,32,64,0.05,Uniform,4,20,2,true,13240,0,0,1053920,1053920,9545482025,1482538726,25920
Riblt,Chord,8,10000,32,64,0.05,Uniform,5,20,2,true,13237,0,0,1046640,1046640,9546321852,1482979293,25896
Riblt,Chord,8,10000,32,64,0.05,Uniform,6,20,2,true,13255,0,0,1066208,1066208,9564254301,1496902534,26040
Riblt,Chord,8,10000,32,64,0.05,Uniform,7,20,2,true,13235,0,0,1039472,1039472,9542202321,1476564014,25880
Riblt,Chord,8,10000,32,64,0.05,Uniform,8,20,2,true,13227,0,0,1047856,1047856,9535987590,1470111113,25816
Riblt,Chord,8,10000,32,64,0.05,Uniform,9,20,2,true,13253,0,0,1054352,1054352,9553180600,1491822698,26024
Riblt,Chord,8,10000,32,64,0.1,Uniform,0,20,2,true,16104,0,0,1988192,1988192,11713176633,2989147548,48832
Riblt,Chord,8,10000,32,64,0.1,Uniform,1,20,2,true,16153,0,0,1987168,1987168,11664660922,3004620548,49224
Riblt,Chord,8,10000,32,64,0.1,Uniform,2,20,2,true,16122,0,0,1981504,1981504,11744943421,2995173156,48976
Riblt,Chord,8,10000,32,64,0.1,Uniform,3,20,2,true,16128,0,0,1980176,1980176,11424902883,2935423850,49024
Riblt,Chord,8,10000,32,64,0.1,Uniform,4,20,2,true,16119,0,0,1984688,1984688,11584358976,2946896093,48952
Riblt,Chord,8,10000,32,64,0.1,Uniform,5,20,2,true,16107,0,0,1960208,1960208,11938419393,2953635715,48856
Riblt,Chord,8,10000,32,64,0.1,Uniform,6,20,2,true,16117,0,0,1980432,1980432,12274191195,3013436358,48936
Riblt,Chord,8,10000,32,64,0.1,Uniform,7,20,2,true,16104,0,0,1991296,1991296,11650487906,2976272547,48832
Riblt,Chord,8,10000,32,64,0.1,Uniform,8,20,2,true,16091,0,0,1971952,1971952,11614656303,2969872690,48728
Riblt,Chord,8,10000,32,64,0.1,Uniform,9,20,2,true,16115,0,0,1974816,1974816,11638712525,2981941314,48920
Riblt,Chord,8,10000,32,64,0.2,Uniform,0,20,2,true,20979,0,0,3556832,3556832,14915668258,5715999780,87832
Riblt,Chord,8,10000,32,64,0.2,Uniform,1,20,2,true,21072,0,0,3585312,3585312,14974324097,5762399916,88576
Riblt,Chord,8,10000,32,64,0.2,Uniform,2,20,2,true,21014,0,0,3565840,3565840,15093697857,5736091587,88112
Riblt,Chord,8,10000,32,64,0.2,Uniform,3,20,2,true,21046,0,0,3571088,3571088,15007037026,5743224170,88368
Riblt,Chord,8,10000,32,64,0.2,Uniform,4,20,2,true,21053,0,0,3560096,3560096,14973789069,5746089822,88424
Riblt,Chord,8,10000,32,64,0.2,Uniform,5,20,2,true,21034,0,0,3549664,3549664,14973634655,5732992874,88272
Riblt,Chord,8,10000,32,64,0.2,Uniform,6,20,2,true,20988,0,0,3562800,3562800,14926544618,5729215541,87904
Riblt,Chord,8,10000,32,64,0.2,Uniform,7,20,2,true,20971,0,0,3551744,3551744,14924125747,5709516612,87768
Riblt,Chord,8,10000,32,64,0.2,Uniform,8,20,2,true,20998,0,0,3544000,3544000,14941447109,5724037463,87984
Riblt,Chord,8,10000,32,64,0.2,Uniform,9,20,2,true,21001,0,0,3558512,3558512,14993954187,5714511511,88008
